me100	maciej	maciej1	Maciej	Maciejowski	maciej@mac.iej	123-456-789	mentor
em200	test	test	Tester	Testowy	test@test	666	employee
em300	asd	asd	asd	asd	asd	asd	employee
me400	roman	roman1	Roman	Roman	roman@roman	1234556	mentor
em500	miriam	miriam123	Miriam	xD	miriam@code.cool	999-999-999	employee
em600	hehe	hehe	Hehe	Hehehe	xd@hehe.he	444-444-44	employee
216	e	ee	Rob	Kowalski	as@asd.com	123456789	mentor
964	r	ee	Rom	Nowak	wer@dfs.com	123456789	employee
me111	q	qq	rom	Nowak	sdf@sdf	124565	mentor
me321	ttt	ttttt	Mateusz	M	sadfs2fdg	12345	mentor
em013	maciej	maciej1	Maciej	Maciejowski	maciej@mac.iej	123-456-789	mentor
em12	test	test	Tester	Testowy	test@test	666	employee
em12	asd	asd	asd	asd	asd	asd	employee
em12	roman	roman1	Roman	Roman	roman@roman	1234556	mentor
em13	miriam	miriam123	Miriam	xD	miriam@code.cool	999-999-999	employee
em14	dadad	hehe	Hehe	Hehehe	dadada	dadada	employee
